HOUR,GEN_YESTERDAY
0,0.0
1,0.0
2,0.0
3,0.0
4,0.0
5,0.0
6,1263.9743961757836
7,5415.5921595199
8,11209.940297624002
9,15991.657419055
10,19353.35463102
11,21114.965869061
12,20573.999814287
13,19529.359517879
14,16936.94937952505
15,13754.0455971914
16,8801.255178561
17,3990.183022869412
18,512.3505803560577
19,0.0
20,0.0
21,0.0
22,0.0
23,0.0
